duration,distance,average_hr,average_altitude,max_altitude,calories,ascent,descent
54.0,8.869410156,117,418.3103138,483.2000122,374,245.8000183,208.2000122
54.43333333,14.19421973,122,477.5547162,529.4000244,316,122.0002441,86.40023804
67.63333333,24.59965039,149,98.83924418,223.1999969,499,357.7999897,349.3999901
70.41666667,0.0,117,94.38214476,94.80000305,473,0.800003052,2.800003052
74.13333333,17.48390039,97,125.3543787,175.6000061,263,107.0,112.7999954
